test_set|prediction
('', 'Content related')|Question
('', 'Content related')|Question
('', 'How to')|Question
('', 'Unclear / Unrelated')|Question
('i new new illustr illustr current current use use fidel fidel come come brush brush for for reason reason i i go go set set brush brush i i abl abl chang chang set set pen pen pressur pressur i i get get tablet tablet connect connect enabl enabl illustr illustr still still work work all all option option brush brush set set grey grey except except fix fix random random i i use use calligraph calligraph pen pen option option ani ani suggest suggest would would help help thank', 'Question')|Content related
('', 'Content related')|Content related
('', 'Content related')|Question
('black bite bite white white circl circl i i want want white white circl circl transpar transpar i i export export i i set set color color transpar transpar turn turn black black i i need need text', 'Question')|Question
('need make make warp warp tool tool bigger', 'Question')|Question
('hi want want top top part part f f flame flame cant cant use use eras eras anyon anyon know know eras eras part part text text tri tri raster raster doesnt doesnt work work well', 'Question')|Content related
('i work work practic practic project project project project brief brief say say color color mode mode cmyk cmyk i i understand understand blue blue 53 53 8 8 1 1 0 0 yellow yellow 11 11 0 0 70 70 0 0 black black 0 0 0 0 0 0 100 100 what what ratio ratio mean mean i i plug plug thank', 'Question')|Question
('find accid accid if if pathfind pathfind oper oper ctrl ctrl 4 4 pc pc cmd cmd 4 4 mac mac repeat repeat last last pathfind pathfind effect effect also also hold hold alt alt click click pathfind pathfind allow allow edit edit overlap overlap shape shape direct direct select select modifi modifi tool tool hit hit expand expand button button perman perman chang chang path path outlin', 'How to')|Content related
('', 'Bug report')|Bug report
('you know know magic magic wond wond letter letter illustr illustr how how select select letter letter want want delet delet everyth everyth around around letter letter hope hope make make sens sens plz plz help', 'Question')|Question
('', 'Content related')|Question
('', 'Question')|Question
('need help help ai ai click click horizont horizont vertic vertic align align center center goe goe away away center center artboard artboard confus confus pleas pleas help help thank thank t t _t _t set set align align artboard', 'Question')|Question
('ok i i draw draw line line use use blob blob brush brush use use shape shape builder builder cut cut end end get get clean clean intersect intersect thi thi usual usual work work line line merg merg anoth anoth i i tri tri use use shape shape builder builder remov remov extra extra portion portion line line remov remov whole whole line line plu plu one one intersect intersect what what hell hell go go i i draw draw 2 2 line line next next one one merg merg in in imag imag i i draw draw 2 2 quick quick line line one one merg merg longer longer line line allow allow use use shape shape builder builder subtract subtract bottom bottom line line so so go', 'Question')|Content related
('im get get adob adob illustr illustr great great class class high high school school use use imac imac adob adob product product what what comput comput laptop laptop i i save save abl abl run run ai ai well well save save lot lot project project also also price price matter', 'Question')|Question
('', 'Unclear / Unrelated')|Question
('pierc brosnan brosnan 007 007 illustr illustr complet complet pencil pencil tool tool imag imag comparison comparison look look outlin outlin imgur imgur it it take take awhil awhil there there someth someth enjoy enjoy almost almost therapeut therapeut go go pixel pixel pixel pixel i i love love jame jame bond bond seri seri whole whole collect', 'Content related')|Question
('', 'Unclear / Unrelated')|Question
('', 'Unclear / Unrelated')|Question
('', 'Question')|Question
('', 'Content related')|Question
('', 'Question')|Question
('', 'Content related')|Question
('so i i 13 13 pictur pictur i i need need save save png png reason reason even even though though process process exactli exactli pictur pictur save save correct correct format', 'Bug report')|Question
('', 'Content related')|Question
('', 'Content related')|Question
('everi time time i i tri tri export export object object select select color color background background black black actual actual white white export export file', 'Bug report')|Question
('', 'Unclear / Unrelated')|Content related
('let make make thread thread everyon everyon post post portfolio portfolio i i would would love love see see guy guy make', 'Content related')|Question
('', 'Content related')|Question
('', 'Content related')|Question
('', 'Content related')|Question
('good morn morn so so i i work work promot promot compani compani use use uv uv printer printer use use print print product product like like tile tile tracker tracker mophi mophi charger charger we we set set jig jig 3d 3d print print product product in in order order save save time time print print compani compani get get jig jig send send us us action action file file use use place place logo logo print print appropri appropri spot spot align align 1st 1st logo logo for for tile tile mate mate tracker tracker print print 160 160 unit unit time time the the jig jig hold hold grid grid 20 20 x x 8 8 unit unit we we see see issu issu start start print print full full bleed bleed so so issu issu question question be be way way chang chang one one step step within within seri seri action action without without complet complet recreat recreat entir entir set set action action basic basic first first move move action action right right start start short short incred incred small small amount amount when when print print logo logo tell tell slight slight chang chang all all one one twenti twenti look look good good howev howev print print full full bleed bleed start start see see shift shift by by last last unit unit number number twenti twenti see see signific signific shift shift print print so so way way simpli simpli chang chang one one move move file file within within record record seri seri action action i i appreci appreci help help i i get get i i work work illustr illustr eight eight year year know know i i realli realli use use action action channel channel often often asid asid remov remov unus unus panel panel item item edit edit updat updat spell spell grammar grammar etc', 'Question')|Question
('', 'Unclear / Unrelated')|Question
('', 'Bug report')|Question
('', 'Question')|Question
('hi i i fairli fairli new new illustr illustr i i recent recent design design charact charact piano piano book book children children i i write write i i group group layer layer togeth togeth i i tri tri resiz resiz howev howev stroke stroke get get mess mess i i enlarg enlarg sinc sinc set set 1 1 resiz resiz accordingli accordingli how how i i make make stroke stroke outlin outlin enlarg enlarg proport proport rest rest layer layer thank', 'Question')|Question
('', 'Content related')|Bug report
('', 'Content related')|Question
('', 'How to')|Question
('', 'Unclear / Unrelated')|Question
('', 'Content related')|Question
('hello i i run run small small print print shop shop lot lot decal decal i i look look program program help help acceler acceler 200 200 order order get get per per day day what what plugin plugin avail avail help help vector vector i i find find far far 1 1 graphic graphic powers2 powers2 astut astut graphicsani graphicsani i i realli realli appreci appreci help', 'Question')|Question
('', 'Question')|Question
('', 'Content related')|Question
('hey guy guy my my live live paint paint split split even even though though line line two two area area ani ani suggest suggest fix', 'Question')|Content related
('might easi easi fix fix i i cant cant get get transpar transpar mask mask make make start start layer layer complet complet fade fade white white background background you you alway alway see see 3 3 green green end end point point matter matter far far adjust adjust gradient gradient see see screenshot screenshot link link thank thank you', 'Bug report')|Question
('', 'How to')|Bug report
('hi sorri sorri dumb dumb question question everi everi time time i i open open file file get get pop pop say say embed embed profil profil mismatch mismatch i i seem seem set set work work space space rgb rgb automat automat open open old old file file i i i i creat creat new new file file doe doe anyon anyon know know fix fix pleas', 'Bug report')|Question
('new illustr illustr come come across across game game make make think think better', 'Content related')|Question
('anyon know know good good way way start start open open mind mind idea idea i i find find often often sit sit noth noth i i new new idea', 'Question')|Question
('hi reddit reddit i i tri tri googl googl quit quit abit abit extrem extrem hard hard word word googl googl search search i i rather rather new new illustr illustr im im creat creat label label design design wrap wrap i i tri tri find find way way make make entir entir wrap wrap seamlessli seamlessli go go around around entir entir as as use use gradient gradient extrem extrem difficult difficult manual manual be be way way make make object object gradient gradient etc etc overlap overlap right right side side art art board board reappear reappear leave leave side side so so add add 3d 3d mockup mockup photoshop photoshop one one seamless seamless illustr illustr cylind cylind rather rather abl abl see see wrap wrap connect connect realli realli hope hope guy guy help help thank', 'Question')|Content related
('as show show i i open open file file today today find find i i doubl doubl tool tool pallett pallett i i rememb rememb mayb mayb it it they they mirror mirror chang chang one one make make press press two two arrow arrow top top minim minim one one pallet pallet even even wors wors the the thing thing i i think think somehow somehow relat relat file file vs vs program program simpl simpl file file ai ai layer layer ani ani idea', 'Bug report')|Question
('hey guy guy get get illustr illustr realli realli like like cool cool art art make make guy guy want want someday someday make make art art creativ creativ draw draw like like but but never never realli realli use use illustr illustr suck suck draw draw so so anyon anyon tell tell start start best best resourc resourc learn learn illustr illustr current current im im look look cours cours udemi udemi martin martin peheniak peheniak anyon anyon tri tri let let know know aswel aswel thank', 'Question')|Question
('hi guy guy thi thi probabl probabl someth someth simpl simpl someon someon definit definit friend friend we we creat creat logo logo youtub youtub channel channel just just simpl simpl logo logo we we want want highest highest qualiti qualiti possibl possibl dont dont want want half half channel channel banner banner art art cut cut view view differ differ devic devic for for exampl exampl i i view view channel channel phone phone cut cut almost almost like like imag imag big big we we see see dimens dimens etcetera etcetera adob adob illustr illustr help help could could someon someon talk talk step step step step if if spare spare time time thank', 'Question')|Question
('what quickest quickest way way creat creat background background compound compound shape shape basic basic line line longer longer outlin outlin i i remov remov insid insid bite bite layer layer i i feel feel like like easier easier way way exampl exampl want want turn turn leave leave imag imag right right imag', 'Question')|Question
('', 'Content related')|Content related
('if i i want want type type differ differ languag languag i i need need chang chang keyboard keyboard layout layout chrome chrome spell spell check check languag languag can can i i make make two two thing thing chang chang togeth togeth i i need need chang chang one one thing', 'Question')|Question
('thi make make crazi crazi onli onli chrome chrome window window 10 10 all all driver driver program program date date i i tri tri wipe wipe reinstal reinstal hard hard drive drive i i use use three three plugin plugin ublock ublock origin origin re re lastpass lastpass i i avira avira hardwar hardwar acceler acceler disabl disabl but but seemingli seemingli random random interv interv chrome chrome freez freez second second goe goe back back normal normal it it happen happen program program i i play play video video game game hour hour without without hitch hitch if if i i watch watch youtub youtub audio audio still still play play minor minor distort distort video video catch catch remain remain sync sync if if i i type type i i get get happpeeeeeeeeeeeeeeeeeeeeeeeeeeeen happpeeeeeeeeeeeeeeeeeeeeeeeeeeeen i i even even sure sure point point look look fix fix ani ani suggest suggest greatli greatli appreci', 'Bug report')|Question
('i 100 100 turn turn chrome chrome dark dark mode mode first first place place i i stick stick i i tri tri search search set set term term dark dark dark dark mode mode noth noth come come so so pleas pleas tell tell i i turn turn chrome chrome dark dark mode', 'Question')|Question
('hi everytim everytim i i want want play play video video chrome chrome show show black black bar bar side side 18 18 5 5 9 9 aspect aspect ratio ratio i i would would like like know know anyway anyway i i play play video video anoth anoth video video player player my my phone phone instead instead default default html5 html5 player player with with samsung samsung i i abl abl watch watch video video without without black black bar bar build build video video player player browser browser decid decid remov remov latest latest version', 'Question')|Question
('i see see forum forum sever sever peopl peopl ask ask disabl disabl nativ nativ chrome chrome dark dark mode mode well well last last hour hour imag imag video video chromium chromium base base edg edg appear appear one one interest interest thing thing flag flag microsoft microsoft edg edg theme theme i i find find quit quit interest interest chrome chrome ad ad option option flag flag dark dark theme theme chang chang accord accord window window 10 10 theme theme even even canari canari moment moment particular particular case case edg edg littl littl advantag advantag chrome chrome it it also also curiou curiou one one featur featur remov remov chrome chrome still still work work new new edg edg process process gif gif k7x4q3qm56o21', 'Feature request')|Question
('', 'Bug report')|Content related
('i get get 2 2 problem problem sinc sinc coupl coupl day day ago ago 1 1 when when watch watch video video well well video video click click spacebar spacebar scroll scroll even even paus paus video video mous mous click click also also f f key key full full screen screen two two side side arrow arrow fast fast forward forward video video it it work work play play button button leave leave bottom bottom corner corner 2 2 i i open open new new tab tab hotkey hotkey ctrl ctrl write write url url fast fast recent recent exampl exampl open open new new tab tab want want go go sad sad com com first first one one two two letter letter get get delet delet like like ad ad com com com com write write url url slowli slowli open open new new tab tab automat automat select select word word like like sa sa select select type type anoth anoth letter letter delet delet help', 'Bug report')|Question
('i start start chrome chrome everyth everyth scale scale wasnt wasnt new new updat updat someth someth edit edit everth everth chrome chrome includ includ menu menu bookmark bookmark tab tab etc etc look look like like zoom zoom 110 110 edit2 edit2 put put command command shortcut shortcut work work sure sure need need normal normal high high dpi dpi support support 1 1 forc forc devic devic scale scale factor factor 1', 'Bug report')|Content related
('anyon know know plugin plugin block block we we would would like like send send push push notif notif popup popup i i never never want want push push notif notif want want plugin plugin alway alway push push don don allow allow button', 'Feature request')|Question
('be possibl possibl chrome chrome set set touchpad touchpad zoom zoom behaviour behaviour smooth smooth scale scale page page i i know know behaviour behaviour exist exist zoom zoom touchscreen touchscreen i i do do research research peopl peopl ask ask question question 1 1 2 2 year year ago ago find find possibl possibl yet yet will will implement implement futur futur or or extens extens support support featur featur i i use use chrome chrome beta beta 74 74 linux', 'Feature request')|Question
('i get get updat updat googl googl chrome chrome sinc sinc work work most most browser browser extens extens forcibl forcibl uninstal uninstal whenev whenev i i tri tri load load someth someth i i get get white white page page occasion occasion symbol symbol grey grey file file sad sad face face corner corner tabi tabi check check wifi wifi problem problem everyth everyth els els work work fine fine browser browser ani ani tip tip i i fix fix i i tri tri go go chrome chrome set set revert revert updat updat chrome chrome work work success success i i want want uninstal uninstal chrome chrome get get rid rid save save folder folder import import shortcut shortcut ani ani tip tip would would greatli greatli appreci appreci be be anyon anyon els els experienc experienc thank thank advanc', 'Bug report')|Question
('when dark dark mode mode activ activ chrome chrome 73 73 either either maco maco mojav mojav window window 10 10 via via forc forc dark dark mode mode home home page page display display grey grey page page googl googl logo logo search search bar bar my my frequent frequent visit visit site site neither neither background background i i choose choose everyth everyth goe goe back back normal normal light light mode mode the the chrome chrome flag flag use use googl googl local local ntp ntp fix fix dark dark mode mode though though edit edit after after switch switch dark dark mode mode relaunch relaunch chrome chrome mojav mojav sever sever time time work work fine fine dark dark theme theme well well except except without without ntp ntp flag flag search search bar bar home home page page e e omnibar omnibar white white go go figur', 'Bug report')|Question
('even i i tab tab refresh refresh ie ie watch watch youtub youtub netflix netflix etc etc facebook facebook play play gamegmail gamegmail worst worst even even i i someth someth els els pop pop ask ask permiss permiss refresh refresh page page even even chrome chrome minim minim i i use use basic basic gmail gmail click click refresh refresh stop stop gmail gmail pop pop like like jack jack the the shine shine command command line line refresh refresh tab tab disabl disabl long long time time do do nothingi nothingi extens extens disabl disabl make make press press twice twice i i want want refresh refresh tab tab stop stop chromei chromei feel feel i i one one problem problem sinc sinc post post relat relat year year old old i i miss', 'Bug report')|Question
('so ive ive tri tri find find solut solut unpleas unpleas issu issu chrome chrome play play video video i i use use recent recent version version chrome chrome window window 10 10 sometim sometim i i paus paus video video get get drink drink whatev whatev amount amount time time i i hit hit play play sound sound mayb mayb 3 3 second second video video play play youtoub youtoub netflix netflix site site on on site site i i play play video video click click anoth anoth tab tab video video stop stop play play come come back back video video tab tab i i tri tri disabl disabl experiment experiment function function chrome chrome flag flag i i use use extens extens differ differ i i use use headphon headphon laptop laptop speaker speaker thi thi issu issu appear appear chrome chrome i i tri tri look look solut solut googl googl i i could could find find anyth', 'Bug report')|Question
('hey idk idk sinc sinc happen happen chrome chrome doesnt doesnt render render properli properli lead lead weird weird glitch glitch part part site site dont dont move move get get clutter clutter close close window window set set like like show show pictur pictur i i dont dont know know would would call call issu issu i i tri tri disabl disabl activ activ hardwar hardwar acceler acceler chang chang noth noth thank thank advanc', 'Bug report')|Question
('the latest latest updat updat version version 73 73 0 0 3683 3683 86 86 offici offici build build 64 64 bite bite break break svg svg ani ani site site i i visit visit also also super super awesom awesom increibl increibl configur configur chromium chromium wheel wheel smooth smooth scroller scroller the the smooth smooth scroller scroller better better chrome chrome control control much much slide slide get get acceler acceler now now skip skip slide slide svg svg shape shape draw draw properli properli rotat rotat shadow shadow polygon polygon stop stop render render togeth togeth be be anyon anyon els els see see an an exazmpl exazmpl svg svg render render page page smooth smooth scroller', 'Bug report')|Content related
('pretti crazi crazi download download old old pic pic i i alreadi alreadi download download delet', 'Bug report')|Question
('sinc yesterday yesterday chrome chrome act act rather rather weird weird run run latest latest version version mojav mojav use use dark dark mode mode os os howev howev affect affect chrome chrome last last night night whole whole ui ui chrome chrome turn turn dark dark tri tri white white list list chrome chrome problem problem still still persist persist i i also also remov remov multipl multipl time time reinstal reinstal noth noth happen happen solut', 'Bug report')|Question
('i follow follow sub sub i i hear hear chrome chrome remov remov flag flag but but mani mani chrome chrome updat updat i i want want check check be be new new idea idea revert revert specif specif sync sync button button top top right right bookmark bookmark take take advantag advantag whole whole screen screen i i click click view view drop drop list', 'Feature request')|Question
('mayb i i behind behind curv curv chrome chrome suppos suppos run run flash flash io io on on ipad ipad pro pro i i end end flash flash enhanc enhanc site site flash flash run run wa wa ad ad do do i i miss miss patch patch note note long long ago ago can can anyon anyon els els confirm confirm i i crazi crazi inde inde work work tia tia i i request request desktop desktop mode mode site site i i test test find find accid', 'Question')|Question
('hi i i tri tri updat updat chrome chrome i i tri tri activ activ updat updat error error code code 1 1 0x80004005 0x80004005 popp popp be be search search solut solut tri tri resolv resolv error error keep keep appear appear do do anyon anyon els els experi experi solut solut thank thank advanc', 'Bug report')|Question
('i rememb rememb use use one one year year ago ago i i forget forget name name for for news news outlet outlet i i access access i i would would like like know know own own media media compani compani be be extens extens show show parent parent compani compani domain domain i', 'Question')|Question
('chrome android android stop stop ask ask whether whether save save password password http http author author sinc sinc mani mani version version ago ago sinc sinc i i access access lot lot webpag webpag use use http http author author pretti pretti annoy annoy fill fill author author form form thank', 'Question')|Question
('i troubl troubl open open duolingo duolingo think think ask ask help help if if anyon anyon help help point point correct correct subreddit subreddit realli realli appreci appreci also also need need info info ask', 'Bug report')|Question
('comput shut shut restor restor previou previou session session button button work work ani ani help help appreci appreci thank', 'Bug report')|Question
('', 'Unclear / Unrelated')|Question
('around 200 200 extens extens 10 10 15 15 enabl enabl still still affect affect pc pc perform perform even even disabl', 'Question')|Content related
('window 10 10 version version 1903 1903 dark dark light', 'Advertisement')|Question
('when i i type type bar bar past past websit websit similar similar name name come come i i would would like like remov remov for for exampl exampl i i type type mar mar market market com com whatev whatev show show i i tri tri delet delet brows brows histori histori work work thank', 'Question')|Question
('i use use aeroglass aeroglass win8 win8 window window 10 10 definit definit use use work work top top titlebar titlebar longer longer transpar transpar even even wors wors chrome chrome flag flag option option disabl disabl custom custom draw draw window window 10 10 titlebar titlebar longer longer reason reason decid decid would would excel excel idea idea remov remov whatev whatev reason reason the the theme theme i i use use definit definit mean mean transpar transpar titlebar titlebar design design transpar transpar titlebar titlebar ani ani way way enabl enabl titlebar titlebar transpar', 'Feature shortcoming')|Question
('i use use chrome chrome work work laptop laptop person person desktop desktop i i sign sign person person account account instanc instanc way way i i want want for for work work laptop laptop i i need need number number page page tab tab open open default default i i also also number number non non work work relat relat tab tab i i like like open open default default person person desktop desktop be be way way tell tell chrome chrome open open certain certain tab tab one one comput comput differ differ tab tab anoth anoth even even though though i i log log googl googl account account machin machin i i realiz realiz i i could could creat creat new new googl googl account account work work machin machin i i like like continu continu access access person person stuff stuff i i actual actual worri worri work work tab tab open open person person desktop desktop ani ani advic advic would would appreci', 'Question')|Question
('i usual usual around around 20 20 tab tab open open chrome chrome lose lose tri tri look look password password i i need need check check i i password password rare rare use use site site save save chrome chrome sinc sinc i i firefox firefox i i use use main main browser browser so so i i open open chrome chrome incognito incognito mode mode click click set set open open regular regular tab tab stupidli stupidli i i exit exit set set tab tab realiz realiz late late i i probabl probabl lose lose tab tab sure sure enough enough i i check check go go chrome chrome bring bring set set tab tab last last session session check check histori histori bring bring latest latest tab tab i i open open one one i i keep keep open open day day week week month month etc etc ctrl ctrl shift shift t t noth noth i i exit exit so so bring bring question question be be anoth anoth way way restor restor session session manual manual go go thousand thousand tab tab histori histori tri tri rememb rememb one one i i open open time time version version 72 72 0 0 3626 3626 121 121 offici offici build build 64 64 bite bite win10', 'Question')|Question
('just recent recent reason reason chrome chrome would would automat automat open open everytim everytim i i start start pc pc even even i i close close restart restart pc pc automat automat open open start start back back be be window window issu issu chrome chrome issu', 'Bug report')|Question
('get new new laptop laptop recent recent chrome chrome randomli randomli unabl unabl load load anyth anyth even even though though i i perfectli perfectli fine fine internet internet connect connect edg edg work work fine fine chrome chrome go go work work normal normal load load icon icon turn turn gray gray turn turn counterclockwis counterclockwis forev forev it it also also randomli randomli begin begin work work result result anyth anyth i i i i uninstal uninstal reinstal reinstal sever sever time time ani ani idea idea caus caus solut solut it it realli realli annoy annoy basic basic shut shut constantli constantli 5 5 20 20 minut minut thank', 'Bug report')|Question
('ha alway alway thing thing i i feel feel like like recent recent i i notic', 'Question')|Question
('i need need know know keyboard keyboard shortcut shortcut access access search search bar bar i i know know f6 f6 ctrl ctrl l l access access url url bar bar if if shortcut shortcut extens extens way way i i enabl enabl shortcut shortcut pictur', 'Question')|Content related
('titl but but fuck fuck chrome chrome 74 74 dark dark mode mode neat neat i i guess', 'General complaint')|Question
('thi stupid stupid emoji emoji option option back back search search say say disabl disabl chrome chrome flag flag emoji emoji context context menu menu disabl disabl how how get get rid', 'Question')|Content related
('', 'Advertisement')|Question
('scour deepest deepest corner corner web web solut solut god god aw aw blobbi blobbi tab tab take take tobleron tobleron file file cabinet cabinet tab tab i i find find one one involv involv downgrad downgrad think think make make ui ui be be tool tool programm programm know know one one big big css css file file hide hide away away somewher somewher stupid stupid someth someth theme theme chrome', 'Question')|Content related
('hi i i need need visit visit websit websit note note take take 1 1 text text relev relev theme theme color color color color 2 2 after after finish finish color color text text automat automat classifi classifi respect respect color color 3 3 upon upon request request user user result result export export text text file file abl abl copi copi user user post post process process i i tri tri sever sever chrome chrome extens extens highlight highlight but but part part color color classif classif export export simultan simultan appreci appreci could could recommend recommend suitabl suitabl chrome chrome extens extens thank thank lot', 'Question')|Question
('', 'Question')|Content related
('when enabl enabl button button extens extens appear appear three three dot dot menu menu flag flag process process gif gif 6wi4v8hpznn21 6wi4v8hpznn21 it it still still work work well well someth someth normal normal new new featur featur implement', 'Bug report')|Question
('imac osx osx i i use use abl abl see see date date time time icon icon top top right right page page now now i i put put curser curser tope tope screen screen top top section section come come i i move move top top goe goe away away i i also also use use abl abl drag drag page page around around grab grab tab tab bar bar click click drag drag move move page page i i see see desktop desktop i i also also see see green green red red button button top top leave leave page page unless unless i i move move curser curser top top page page bar bar appear appear there there also also yellow yellow button button middl middl red red green green button button i i make make screen screen hide hide it it realli realli frustrat frustrat i i alway alway forget forget get get situat situat back back normal normal thank thank advanc', 'Bug report')|Question
('so inact inact tab tab look look like like usual usual normal normal stuff stuff right right highlight highlight black black colour colour whenev whenev i i tri tri hover hover get get oddli oddli distract', 'Bug report')|Question
('extens i i use use chrome chrome save save note note work work research research i i save save lot lot work work as as i i use use linux linux i i want want backup backup inform inform use use i i do do mani mani extens extens i i use use work work well well but but probelm probelm it it import import export export option option so so tri tri copi copi extens extens folder folder set set data data put put desir desir locat locat linux linux and and work work other other method method i i find find onlin onlin know know json json filego filego develop develop toolbar toolbar chrome chrome chrome chrome menu menu more more tool tool develop develop tool tool go go applic applic tab tab open open local local storag storag you you see see entri entri like like chrome chrome extens extens random random string string click click on on right right side side see see key key valu valu list list you you see see notelistmenustatu notelistmenustatu valu valu 0 0 chang chang 1 1 give give back back tab tab list list i i hope hope altern altern entri entri call call notelist notelist thi thi contain contain note note json json format', 'Question')|Question
('', 'Unclear / Unrelated')|Bug report
('everi time time i i tri tri open open gmail gmail chrome chrome i i get get notif notif antiviru antiviru eset eset tri tri access access webcam webcam strang strang i i understand understand happen happen one one explan', 'Bug report')|Question
('click print print preview preview gener gener im im watch watch memori memori fill fill task task manag manag when when get get 4gb 4gb system system increas increas 3 3 7gb 7gb error error multipl multipl comput comput error error percentag percentag gener gener it it work work edg edg chrome chrome valid valid browser browser need need make make work work confirm confirm 64 64 bite bite version version chrome chrome ani ani think', 'Bug report')|Question
('i current current work work assembl assembl line line i i current current teach teach excel excel order order obtain obtain busi busi analyst analyst posit posit i i want want share share work work linkedin linkedin profil profil project project section section ask ask url url i i dead dead end end share share worksheet worksheet i i creat creat i i know know use use github github normal normal use use share share xlsx xlsx file file i i want want copi copi worksheet worksheet save save copi copi csv csv file file i i save save copi copi csv csv file file mean mean xlsx xlsx file file eras eras i i want want i i want want anyth anyth irrevers irrevers project project i i work work hard hard ani ani advic advic prove prove potenti potenti employ employ i i know know use use pivot pivot tabl tabl vlookup vlookup excel excel gener gener also also greatli greatli appreci appreci thank', 'Question')|Question
('hi i i current current enrol enrol last last excel excel class class obtain obtain degre degre a a chapter chapter ago ago work work amort amort schedul schedul use use pmt pmt function function i i life life get get function function work work i i chang chang one one piec piec data data get get frustrat frustrat would would never never work work calcul calcul phone phone type type answer answer be be certain certain trick trick i i miss miss becaus becaus i i studi studi book book word word word word i i still still lose lose thank thank advanc', 'Question')|Bug report
('i get get weird weird glitch glitch excel excel 2016 2016 screenshot screenshot work work normal normal safe safe mode mode it it work work normal normal word word offic offic program program i i disabl disabl add add in in i i also also tri tri instal instal offic offic luck luck ani ani idea idea could could caus caus fix', 'Bug report')|Question
('i tri tri write write function function i i extract extract last last name name peopl peopl copi copi formula formula row row i i tell tell i i need need use use function function right right len len find find ani ani suggest', 'Question')|Question
('my textbook textbook give give thing thing i i attempt attempt sort sort date date sort sort zip zip remov remov sort sort zip zip i i start start second second half half imag imag i i imagin imagin issu issu be be function function somewher somewher i i miss miss order order correctli correctli i i see see book book make make oper oper twice twice sort sort second second time time undo undo first first sort', 'Question')|Question
('i get get tabl tabl locat locat lat lat long long data data i i tri tri find find closest closest locat locat locat locat the the basic basic tabl tabl structur structur column column a a locat locat name name column column b b latitud latitud column column c c longitud longitud i i origin origin tri tri haversin haversin formula formula give give inaccur inaccur result result presum presum close close proxim proxim locat locat i i believ believ correct correct solut solut problem problem next next i i tri tri vincenti vincenti formula formula find find i i believ believ give give correct correct result result the the vba vba function function creat creat code code ask ask distvincenti distvincenti lat1 lat1 long1 long1 lat2 lat2 long2 long2 problem problem i i sure sure possibl possibl use use function function array array return return locat locat name name correspond correspond smallest smallest valu valu i i realli realli like like abl abl add add extra extra column column d d add add formula formula return return locat locat name name closest closest current current locat locat can can do do vba vba creat creat distvincenti distvincenti function', 'Question')|Question
('i run run standard standard xirr xirr function function 10 10 year year period period cash cash flow flow see see long long take take project project break break even even earn earn minimum minimum 15 15 irr irr to to make make thing thing simpl simpl project project base base two two input input be be formula formula i i set set minimum minimum irr irr condit condit 0 0 1 1 15 15 tell tell long long year year take take achiev achiev thi thi way way i i easier easier time time construct construct data data tabl tabl sensit sensit two two input input differ differ assumpt assumpt thank', 'Question')|Question
('print screen screen setup setup hi hi as as show show setup setup i i three three tabl tabl 1 1 two two i i fill fill hand hand everytim everytim someon someon come come i i write write come come date date come come 2 2 one one leave leave one one i i want want fill fill automat automat date date name name peopl peopl come come specif specif date date i i write write specif specif date date hand hand green green tabl tabl i i write write function function help help reddit reddit work work one one tabl tabl fill fill hand hand i i manag manag write write one one work work two two tabl tabl the the current current function function cse cse iferror iferror index index b b 3 3 b b 24 24 small small if if a a 3 3 a a 24 24 h h 2 2 a a 3 3 a a 24 24 h h 3 3 row row b b 3 3 b b 24 24 9e 9e 99 99 row row 1 1 1 1 2 2 hope hope help help thatthank thatthank much', 'Question')|Content related
('hi wonder wonder someon someon help help i i cannot cannot find find get get work work i i tri tri get get formula formula work work valu valu column column a a look look whole whole column column c c match match either either 2 2 valu valu return return someth someth like like true true statement statement one one return return fals fals statement statement column column a a name name lot lot duplic duplic column column b b depart depart also also lot lot duplic duplic column column c c either either two two valu valu i i cant cant concaten concaten remov remov duplic duplic i i experi experi if if or or and and match match i i couldnt couldnt get get work work would would excel excel guru guru abl abl point point right right direct direct thank thank advanc', 'Question')|Question
('i tri tri count count number number employe employe compani compani face face regist regist facial facial recognit recognit attend attend system system thi thi daili daili report report i i thusfar thusfar mostli mostli manual manual use use filter filter howev howev time time consum consum i i raw raw excel excel data data i i current current count count number number peopl peopl punch punch use use formula formula countif countif punch punch a a a a index index depart depart a a c c match match 1 1 depart depart b b b b report report c15 c15 depart depart c c c c report report d15 d15 0 0 1 1 i i export export data data system system includ includ list list employe employe punch punch number number time time the the list list includ includ depart depart name name i i remov remov irrelev irrelev data data count count number number time time depart depart appear appear to to count count i i need need cross cross refer refer depart depart name name number number unfortun unfortun necessari necessari multipl multipl depart depart name name one one share share number number annoy annoy realli realli pair pair helper helper sheet sheet find find list list databas databas count count number number time time result result appear appear raw raw data data there there anoth anoth set set data data includ includ face face templat templat use use current current valid valid valu valu none none 7 7 1 1 9 9 1 1 i i care care one one use use i i care care none none i i want want count count number number item item none none sinc sinc i i stick stick use use index index match match array array calcul calcul find find depart depart name name first first place place i i difficulti difficulti figur figur find find instanc instanc depart depart list list determin determin adjac adjac cell cell contain contain none', 'Question')|Question
('i abl abl find find solut solut anywher anywher seem seem easi easi i i select select column column i i use use find find select select find find cell cell column column contain contain word word the the how how i i invers invers select select i i would would like like select select cell cell column column contain contain word word the the thank thank help', 'Question')|Question
('i 3 3 formula formula i i like like combin combin all all 3 3 exactli exactli i i want want howev howev i i want want 1 1 cell cell also also fail fail criteria criteria need need stay stay one one be be possibl possibl formula formula i i want want work work if if b12 b12 sheet2 sheet2 a13 a13 a14 a14 a15 a15 b20 b20 b19 b19 use use valu valu cell cell d13 d13 d14 d14 d15 d15 use use c13 c13 c14 c14 c15 c15 if if and and b12 b12 sheet2 sheet2 a13 a13 a15 a15 b20 b20 b19 b19 sheet2 sheet2 d13 d13 d15 d15 sheet2 sheet2 c13 c13 c15 c15 current current 3 3 work work formula formula i i would would like like combin combin if if and and b12 b12 sheet2 sheet2 a13 a13 b20 b20 b19 b19 sheet2 sheet2 d13 d13 sheet2 sheet2 c13 c13 if if and and b12 b12 sheet2 sheet2 a14 a14 b20 b20 b19 b19 sheet2 sheet2 d14 d14 sheet2 sheet2 c14 c14 if if and and b12 b12 sheet2 sheet2 a15 a15 b20 b20 b19 b19 sheet2 sheet2 d15 d15 sheet2 sheet2 c15 c15 want want i i want want i i want want cell cell b18 b18 look look cell cell b12 b12 detemin detemin cell cell sheet sheet 2 2 equal equal use use valu valu row row so so b12 b12 equal equal sheet sheet 2 2 a13 a13 b20 b20 less less b19 b19 use use valu valu d13 d13 c13 c13 howev howev if if equal equal a13 a13 i i want want check check a14 a14 a15 a15 thing', 'Question')|Content related
('hey i i spreadsheet spreadsheet multipl multipl boolean boolean field field would would like like run run queri queri multipl multipl field field simultan simultan see see entri entri valu valu true true logic logic or or for for exampl exampl anim anim true true or or dog dog true true or or cat cat true true it it weird weird format format make make sens sens context context ideal ideal i i like like improv improv work work ui ui check check box box everi everi boolean boolean field field i i manual manual click click field field header header type type syntax syntax heavi heavi command command speed speed import import requir requir sorri sorri someth someth basic basic long long time time sinc sinc i i write write queri queri excel excel back back colleg colleg speak speak someth someth i i sql sql i i rather rather find find make make littl littl window window tick tick box box type type command command so so cheer cheer help', 'Question')|Question
('so i i current current multipl multipl depend depend list list singl singl sheet sheet when when specif specif item item select select first first list list fill fill 3 3 cell cell follow follow question question i i want want abl abl depend depend list list appear appear cell cell adjac adjac three three question question list list depend depend three three follow follow question question breakdown breakdown first first list list item item select select column column b b three three follow follow question question appear appear column column a a i i need need three three drop drop down down appear appear column column b b next next follow follow question', 'Question')|Bug report
('hi i i creat creat vba vba routin routin one one variabl variabl declar declar dim dim lr lr as as long long routin routin work work fine fine i i need need add add second second set set variabl variabl i i never never do do i i learn learn i i go go i i run run duplic duplic declar declar current current scope scope error error the the addit addit variabl variabl i i ad ad dim dim workrang workrang rangedim rangedim cell cell rangebut rangebut error error highlight highlight origin origin dim dim lr lr one one error error ed ed later later routin routin it it realli realli confus confus i i duplic duplic name name i i snip snip 2 2 relev relev section section i i declar declar variabl variabl anywher anywher rest rest code code load load stuff stuff dim dim workrang workrang as as ring ring dim dim cell cell as as ring ring set set workrang workrang intersect intersect select select activesheet activesheet usedrang usedrang for for each each cell cell in in workrangeif workrangeif activecel activecel valu valu 0 0 _then _then activecel activecel entirerow entirerow delet delet sheet sheet truenorthleavedata truenorthleavedata select select load load stuff stuff dim dim lr lr as as long long lr lr ring ring b b row row count count end end xlup xlup row row ring ring t2 t2 formula formula if if iferror iferror search search g90 g90 p2 p2 l2 l2 1 1 8120 8120 iferror iferror search search g90 g90 p2 p2 l2 l2 ring ring t2 t2 autofil autofil destin destin ring ring t2 t2 t t lr lr activesheet activesheet calcul calcul load load stuff stuff ani ani advic advic would would greatli greatli appreci', 'Question')|Content related
('i like like know know anyway anyway wether wether build build third third parti parti script script etc etc complet complet follow follow task task i i list list file file contain contain folder folder includ includ specif specif metadata metadata like like file file length length sampl sampl rate rate bite bite rate rate etc etc separ separ column column i i mac mac way way thank thank info', 'Question')|Content related
('hi poker poker earn earn excel excel document document i i want want track track total total amount amount time time c c the the problem problem im im multipl multipl session session one one day day need need repres repres togeth togeth im im sure sure creat creat graph graph cheer cheer edit edit to to clarifi clarifi also also need need add add differ differ type type poker poker game game day day well well cash cash zone zone also also advic advic sheet sheet make make look look better better track track would would help help thank', 'Question')|Bug report
('i current current make make excel excel spreadsheet spreadsheet fratern fratern brother brother organ organ in in sheet sheet name name year year school school whether whether pay pay due due i i would would like like know know formula formula i i could could write write year year column column specifi specifi date date 365 365 day day whichev whichev easier easier year year chang chang next next one one ex ex i i current current junior junior colleg colleg 365 365 day day i i want want valu valu year year cell cell chang chang senior senior there there may may way way might might longshot longshot i i hope hope i i provid provid enough enough inform inform assist assist find find solut solut thank thank advanc', 'Question')|Content related
('hi excel excel expert expert first first thank thank advanc advanc even even exist exist also also appar appar awesom awesom sub sub reddit reddit super super smart smart folk folk i i subscrib subscrib mani mani month month i i realiz realiz i i suffici suffici train train even even read read post post you you guy guy s s m m r r t t be be simpson simpson refer refer allow allow here here situat situat problem problem i i unabl unabl googl googl answer answer when when i i type type copi copi amount amount certain certain cell cell press press enter enter key key cell cell locat locat two two cell cell beneath beneath cell cell contain contain enter enter text text automat automat fill fill green green color color i i attempt attempt un un highlight highlight cell cell luck luck format format cell cell fill fill i i sort sort advanc advanc set set see see anyth anyth indic indic rule rule set set creat creat automat automat fill fill cell cell how how i i stop stop automat automat fill fill everyth everyth i i find find seem seem indic indic someth someth call call condit condit format format see see set set rule rule creat creat color color cell cell as as background background case case need need info info i i simpl simpl spreadsheet spreadsheet i i use use track track rental rental incom incom expens expens includ includ rehab rehab expens expens i i major major rehab rehab thu thu lot lot use use excel excel simpli simpli assum assum column column dollar dollar amount amount i i recent recent hire hire sinc sinc fire fire virtual virtual assist assist help help spreadsheet spreadsheet while while employ employ belov belov spreadsheet spreadsheet spend spend time time save save googl googl spreadsheet spreadsheet googl googl drive drive then then i i download download laptop laptop save save excel excel spreadsheet spreadsheet thank thank advanc advanc pleas pleas let let know know question', 'Question')|Question
('i formula formula setup setup input input valu valu exampl exampl color color cell cell a1 a1 the the formula formula cell cell a2 a2 find find input input enter enter cell cell a1 a1 creat creat link link cell cell a2 a2 click click take take match match cell cell see see github github spreadsheet spreadsheet what what i i need need help help enlarg enlarg ring ring past past one one column column current current d d i i want want abl abl type type yellow yellow work work formula formula hyperlink hyperlink cell cell address address index index d d d d match match a1 a1 d d d d 0 0 a1', 'Question')|Content related
('so i i studi studi hell hell lot lot upcom upcom exam exam i i take take i i stumbl stumbl upon upon braindump braindump i i figur figur i i tri tri take take go go real real exam exam i i ok ok question question get get puzzl puzzl answer answer give give i i send send question question answer answer great great someon someon could could provid provid answer answer i i abit abit sceptic sceptic brain brain dump dump answer answer sinc sinc know know wrong wrong time time question question 1 1 question question 1 1 answer answer question question 1 1 answer answer 2 2 question question 2 2 2 2 answer answer question question 2 2 answer answer question question 1 1 i i know know relationship relationship work work datamodel datamodel data data type type need need creat creat relationship relationship for for question question 2 2 shouldn shouldn answer answer suppos suppos b b use use relat relat function function instead instead valu valu appreci appreci anybodi anybodi could could clarifi clarifi thank', 'Question')|Question
('hi i i custom custom sequenc sequenc regist regist p1w1 p1w1 p1w2 p1w2 p1w3 p1w3 p1w4 p1w4 p2w1 p2w1 etc etc allow allow autofil autofil cell cell i i drag drag first first one one howev howev i i wonder wonder possibl possibl increment increment sequenc sequenc use use formula formula instead instead for for exampl exampl i i enter enter p1w1 p1w1 top top cell cell formula formula follow follow cell cell would would continu continu sequenc sequenc p1w2 p1w2 etc etc i i chang chang top top cell cell p3w2 p3w2 cell cell would would chang chang automat automat continu continu correct correct sequenc sequenc ani ani help help would would appreci appreci thank thank i i hope hope good good weekend', 'Question')|Question
('hi i i get get error error refresh refresh background background queri queri fals fals can can someon someon help help resolv resolv sub sub getfil getfil dim dim fnameandpath fnameandpath as as variantfnameandpath variantfnameandpath applic applic getopenfilenam getopenfilenam filefilt filefilt excel excel file file txt txt txt txt titl titl select select file file to to be be open open if if fnameandpath fnameandpath fals fals then then exit exit sub sub activeworkbook activeworkbook worksheet worksheet addwith addwith activesheet activesheet queryt queryt add add connect connect _ _ text text fnameandpath fnameandpath destin destin ring ring a a 1 1 name name exampl exampl fieldnam fieldnam true true rownumb rownumb fals fals filladjacentformula filladjacentformula fals fals preserveformat preserveformat true true refreshonfileopen refreshonfileopen fals fals refreshstyl refreshstyl xlinsertdeletecel xlinsertdeletecel savepassword savepassword fals fals savedata savedata true true adjustcolumnwidth adjustcolumnwidth true true refreshperiod refreshperiod 0 0 textfilepromptonrefresh textfilepromptonrefresh fals fals textfileplatform textfileplatform 437 437 textfilestartrow textfilestartrow 1 1 textfileparsetyp textfileparsetyp xlfixedwidth xlfixedwidth textfiletextqualifi textfiletextqualifi xltextqualifierdoublequot xltextqualifierdoublequot textfileconsecutivedelimit textfileconsecutivedelimit fals fals textfiletabdelimit textfiletabdelimit true true textfilesemicolondelimit textfilesemicolondelimit fals fals textfilecommadelimit textfilecommadelimit fals fals textfilespacedelimit textfilespacedelimit fals fals textfilecolumndatatyp textfilecolumndatatyp array array 1 1 1 1 1 1 1 1 1 1 1 1 1 1 1 1 textfilefixedcolumnwidth textfilefixedcolumnwidth array array 7 7 5 5 4 4 10 10 8 8 7 7 18 18 textfiletrailingminusnumb textfiletrailingminusnumb true true refresh refresh backgroundqueri backgroundqueri falseend falseend withend withend sub sub thanksuday', 'Bug report')|Question
('hi folk folk first first time time post post i i hope hope i i ask ask ok ok follow follow rule rule i i geniu geniu excel excel use use keep keep data data game game i i play play what what i i tri tri countdown countdown i i say say someth someth like like contract contract john john 365 365 day day mike mike 730 730 day day what what i i would would like like abl abl either either hit hit button button key key go go unit unit hit hit button button key key the the game game use use day day within within hour hour period period i i go go half half year year i i like like keep keep track track contract contract day day leave leave contract contract possibl possibl thi thi way way everi everi time time i i pass pass day day week week game game i i hit hit someth someth excel excel countdown countdown imaginari imaginari contract contract thank thank much much help help inform', 'Question')|Content related
('i queri queri exchang exchang server server get get list list calendar calendar item item i i cannot cannot get get pull pull specif specif occurr occurr event event we we bunch bunch calendar calendar event event regularli regularli chang chang updat updat about about half half set set recur recur specif specif instanc instanc regularli regularli cancel cancel modifi modifi we we track track bunch bunch stuff stuff around around calendar calendar invit invit instead instead meticul meticul track track myriad myriad chang chang i i would would like like autom autom process process my my goal goal reason reason date date spreadsheet spreadsheet calendar calendar item item subject subject locat locat start start end end organ organ when when post post last last modifi modifi etc etc when when i i set set queri queri i i pull pull event event event event recur recur show show first first instanc instanc advic advic i i abl abl find find googl googl use use script script expand expand occurr occurr base base recurr recurr cadenc cadenc method method would would captur captur modif modif cancel cancel critic critic use use case case doe doe anyon anyon advic advic set set i i use use wrong wrong tool tool use use case case exchang exchang server server 2010 2010 excel excel outlook outlook 2016 2016 2010 2010 i i admin admin access access thank', 'Question')|Question
('at job job terribl terribl long long list list blurb blurb use use base base give give valu valu wind wind sea sea exampl exampl 03ft 03ft sea sea 20kt 20kt windsw windsw go go notepad notepad document document scroll scroll find find match match valu valu copi copi past past everi everi sentenc sentenc follow follow eg eg favor favor condit condit margin margin condit condit i i get get pretti pretti feed feed manual manual begin begin look look excel excel vba vba help help make make someth someth i i enter enter sea sea one one cell cell wind wind anoth anoth output output text text box box match match blurb blurb i i actual actual quit quit fun fun figur figur basic basic excel excel go go sidebar sidebar get get start start i i far far button button increas increas decreas decreas valu valu get get blurb blurb button button i i lot lot troubl troubl popul popul text text box box tho tho i i hope hope someon someon could could direct direct good good tutori tutori relat relat project project specif specif function function beyond beyond basic basic if if i i research research i i difficulti difficulti i i honestli honestli know know googl googl find find i i look look massiv massiv sea sea inform inform ani ani help help greatli greatli appreci', 'Question')|Question
('i data data base base full full address address without without postal postal code code canada canada wonder wonder way way auto auto popul popul postal postal code code cell cell basic basic i i tri tri mail mail merg merg send send letter letter client client i i want want look look almost almost 1000 1000 postal postal code code the the top top cell cell a1 a1 street street number number b1 b1 street street c1 c1 postal postal code code d1 d1 citi citi e1 e1 provinc provinc help', 'Question')|Question
('i tri tri merg merg group group cell cell one one new new cell cell use use concat concat function function it it work work instead instead separ separ data data cell cell put put end end the the formula formula i i use use concat concat b4 b4 b5 b5 b8 b8 b12 b12 b26 b26 b32 b32 basic basic output output look look like like datapointdatapointdatapoint datapointdatapointdatapoint i i want want look look like like datapoint datapoint datapoint datapoint datapoint datapoint be be simpl simpl way', 'Question')|Question
('i tabl tabl i i show show often often peopl peopl howev howev column column peopl peopl see see essenti essenti i i cannot cannot simpli simpli hide hide column column 2 2 reason reason 1 1 i i know know i i need need show show tabl tabl peopl peopl i i cannot cannot realli realli ask ask look look second second let let hide hide column column 2 2 more more import import particular particular tab tab also also use use input input among among thing thing peopl peopl give give data data i i put put hide hide column column i i would would forc forc unhid unhid make make visibl visibl i i input input data data my my idea idea color color black black switch switch fill fill white white cell cell select select i i know know do do cours cours ani ani help help appreci appreci i i alreadi alreadi vba vba sheet sheet ad ad problem', 'Question')|Content related
('hey guy guy i i question question regard regard use use calcul calcul field field pivot pivot tabl tabl i i averag averag valu valu gasolin gasolin price price per per liter liter per per month month i i want want calcul calcul price price chang chang current current month month previou previou month month pivot pivot tabl tabl use use function function calcul calcul field field date date price price price price chang chang jan jan 1 1 05 05 feb feb 1 1 10 10 4 4 76 76 mar mar 1 1 15 15 4 4 54 54 etc etc howev howev calcul calcul take take two two differ differ valu valu column column how how i i use use function function add add extra extra column column price price chang chang pivot pivot tabl tabl hope hope guy guy know know answer', 'Question')|Content related
('i larg larg spread spread sheet sheet part part depart depart need need inspect inspect when when part part inspect inspect worker worker enter enter confirm confirm r r column column s s column column get get time time stamp stamp here here specif specif formula formula if if r3 r3 if if s3 s3 s3 s3 now now i i move move data data differ differ sheet sheet formula formula count count number number inspect inspect line line specif specif date date countif countif i i i i today today the the problem problem time time stamp stamp also also includ includ time time day day realli realli caus caus headach headach i i need need delet delet time time second second formula formula recogn recogn can can i i replac replac either either formula formula i i delet delet bunch bunch time time everi everi time time i i move move data data note note i i know know simpl simpl vba vba solut solut supervisor supervisor want want code', 'Question')|Bug report
('column a a x x valu valu b b valu valu pretti pretti long long i i get get tire tire go go way way page page input input new new data data how how i i break break continu continu formula formula like like x x valu valu a1 a1 a100 a100 c1 c1 c100i c100i valu valu b1 b1 b100 b100 d1 d1 d100', 'Question')|Bug report
('sorri vagu vagu titl titl i i quit quit sure sure word word i i like like basic basic formula formula spreadsheet spreadsheet i i keep keep track track rent rent bill bill here here current current screenshot screenshot worksheet worksheet my my goal goal section section sheet sheet give give date date i i current current rent rent to to i i work work i i need need write write program program go go list list c c determin determin text text rent rent ad ad amount amount goe goe then then amount amount divid divid 300 300 weekli weekli rent rent result result ad ad start start date date rent rent viola viola date date i i pay pay if if somebodi somebodi could could point point specif specif thing thing i i need need learn learn would would amaz amaz i i do do bite bite research research loop loop statement statement enough enough know know hell hell i i thank thank advanc', 'Question')|Question
('1 some some line line word word doc doc lead lead space space i i want want remov remov use use text text column2 column2 after after text text column column appli appli i i want want remov remov row row blank blank column column a a 3 3 after after text text column column appli appli i i want want remov remov cell cell except except column column a a 4 4 if if column column a a number number delet delet well well by by number number i i mean mean actual actual refer refer use use word word doc doc ex ex 1 1 1 1 1 1 1 1 1 1 1 1 2 2 1 1 1 1 3 3 2 2 1 1 it it referencecan referencecan anyon anyon let let know know achiev achiev use use macro', 'Question')|Question
('hello i i need need help help excel excel formula formula work work i i work work ship ship basic basic day day vessel vessel arriv arriv port port allow allow custom custom 6 6 free free day day start start charg charg storag storag so so vessel vessel call call today today 24 24 03 03 2019 2019 custom custom last last free free day day would would 29 29 03 03 2019 2019 howev howev custom custom get get extra extra free free day day i i need need cell cell sheet sheet i i write write number number free free day day custom custom default default 6 6 now now storag storag charg charg tier tier follow follow day day 1 1 6 6 freeday freeday 7 7 13 13 15 15 dayday dayday 14 14 20 20 30 30 dayday dayday 21 21 45 45 daythos daythos price price charg charg 20 20 contain contain the the price price doubl doubl 40 40 contain contain formula formula would would take take account account also also custom custom special special agreement agreement free free day day charg charg accord accord tier tier format format that that say say custom custom special special agreement agreement 15 15 free free day day vessel vessel call call 24 24 03 03 2019 2019 request request deliveri deliveri 16 16 04 04 2019 2019 charg charg look look like like 24 24 03 03 2019 2019 29 29 03 03 2019 2019 free30 free30 03 03 2019 2019 05 05 04 04 2019 2019 free free 06 06 04 04 2019 2019 08 08 04 04 2019 2019 12 12 04 04 2019 2019 15013 15013 04 04 2019 2019 16 16 04 04 2019 2019 180it 180it also also break break like like need need includ includ invoic invoic ani ani tip', 'Question')|Question
('hello i i anoth anoth question question guru guru i i list list name name address address real real estat estat 1 1 000 000 entri entri how how i i filter filter duplic duplic copi copi owner owner address address keep keep one one copi copi i i essenti essenti tri tri find find real real estat estat investor investor buy buy multipl multipl properti properti i i want want contact contact info info show show 10 10 12 12 time time i i need need one one owner owner address address multipl multipl properti properti owner owner i i contact contact i i tri tri delet delet duplic duplic function function delet delet all all duplic duplic leav leav noth noth thank thank much much help help raw raw properti properti data data list list name name properti properti address address home home mail mail address address doe doe john john 5689 5689 ohio ohio street street 5689 5689 ohio ohio street street doe doe john john 56789 56789 memori memori lane lane 5689 5689 ohio ohio street street doe doe john john 55555 55555 main main street street 5689 5689 ohio ohio street street steven steven brenda brenda 5218 5218 dakota dakota ave ave 8194 8194 caterpillar caterpillar lane lane ferguson ferguson tom tom 5744 5744 rattlesnak rattlesnak rd rd 7111 7111 reindeer reindeer way way smith smith suzi suzi 4561 4561 florida florida street street 9500 9500 rainbow rainbow ct ct smith smith suzi suzi 7789 7789 nevada nevada street street 9500 9500 rainbow rainbow ct ct berg berg joseph joseph 55178 55178 east east ave ave 47145 47145 oliv oliv ln ln richard richard christin christin 8742 8742 trout trout ave ave 4789 4789 cloud cloud way way richard richard christin christin 4459 4459 steelhead steelhead ln ln 4789 4789 cloud cloud way way richard richard christin christin 1274 1274 seabass seabass ave ave 4789 4789 cloud cloud way way refin refin investor investor list list investor investor name name home home mail mail address address doe doe john john 5689 5689 ohio ohio street street smith smith suzi suzi 9500 9500 rainbow rainbow ct ct richard richard christin christin 4789 4789 cloud cloud way', 'Question')|Content related
('hey peep peep problem problem i i hard hard time time wrap wrap head head around around logic logic solv solv problem problem i i use use wildcard wildcard i i search search within within i i also also return return incorrect incorrect result result i i put put len len match match exact exact number number charact charact if if ye ye i i also also tell tell formula formula delimit delimit actual actual data data i i tri tri solv solv past past hour hour no no text text column column pleas pleas thank thank heap heap advanc advanc edit edit i i mean mean say say ring ring cell cell singl singl cell cell here here better better exampl exampl illustr illustr i i tri tri column column d d pull pull via via pq pq anoth anoth databas databas approx approx 300 300 000 000 entri entri claim claim number number exist exist column column b b exist exist appear appear anywher anywher within within cell cell i i want want user user past past claim claim number number b b approx approx 5 5 000 000 find find d d pull pull statu statu e e c', 'Question')|Question
('i final final understand understand merg merg center center pain pain keep keep look look i i tri tri center center across across select select the the data data need need center center column column c c e e f f g g h h k k when when i i data data cell cell look look right right i i delet delet one one move move for for exampl exampl i i delet delet inform inform e e c c longer longer center center across across appropri appropri select select and and i i seem seem make make stay stay center center correctli', 'Bug report')|Content related
('ok i i think think easier easier show show i i want want tri tri explain explain i i two two tabl tabl tabl tabl 1 1 tabl tabl 2 2 i i want want tabl tabl 3 3 much much help', 'Question')|Question
('sub actualfinish actualfinish set set sheet sheet jobcard jobcard set set e e sheet sheet actual actual finish finish dim dim dim dim j j 1 1 j j 2 2 do do until until isempti isempti ring ring m m j j if if ring ring m m j j then then 1 1 e e row row valu valu row row j j valu valu end end if if j j j j 1 1 loop loop end end subnow subnow i i want want add add addit addit criteria criteria includ includ row row word word close close locat locat sheet sheet jobcard jobcard column column o', 'Question')|Question
('when creat creat servic servic level level aggreement aggreement dash dash board board seem seem if if statement statement correct correct cannot cannot see see below below current current set set if if or or and and h390 h390 p4 p4 br390 br390 60 60 or or and and h390 h390 p3 p3 br390 br390 45 45 or or and and h390 h390 p2 p2 br390 br390 30 30 or or and and h390 h390 p1 p1 br390 br390 0 0 14 14 sla sla miss miss sla sla meet meet row row 390 390 p4 p4 valu valu less less 60 60 current current valu valu 14 14 79 79 say say sla sla miss miss e e function function true true fals fals it it also also happen happen column column next next if if or or and and h390 h390 p4 p4 bq390 bq390 10 10 and and h390 h390 p3 p3 bq390 bq390 5 5 and and h390 h390 p2 p2 bq390 bq390 0 0 5 5 and and h390 h390 p1 p1 bq390 bq390 0 0 17 17 sla sla miss miss sla sla meet meet ani ani guidanc guidanc resolv resolv would would help', 'Question')|Content related
('i pivot pivot tabl tabl two two valu valu field field both both set set show show column column total total i i tri tri get get differ differ two two percentag percentag insid insid pivot pivot tabl tabl anoth anoth field field i i sort sort pivot pivot tabl tabl valu valu differ differ get get exampl exampl 2 2 row row i i want want field field give give valu valu vtarget vtarget v1 v1 v2 v2 vtargetrow1 vtargetrow1 3 3 2 2 1 1 row2 row2 97 97 98 98 1 1 have have luck luck calcul calcul field field way way anyon anyon know know possibl', 'Question')|Question
('i schedul schedul confer confer excel excel sheet sheet i i need need move move word word document document howev howev hundr hundr event event manual manual copi copi past past tediou tediou essenti essenti i i sheet sheet look look like like present present titl titl affili affili room room name name titl titl present present univers univers name name room room i i need need put put word word doc doc the the word word doc doc lay lay follow follow session session 1 1 10 10 00 00 be be short short talk talk panel panel room room name name titl titl present present univers univers name name long long talk talk panel panel room room note note the the short short talk talk panel panel portion portion prefil prefil document document need need changedthi changedthi continu continu number number differ differ session session all all session session vari vari number number present present differ differ name name type type it it import import import import document document format format follow follow in in case case certain certain field field sheet sheet blank blank be be possibl possibl thank', 'Question')|Question
('i work work project project need need make make recommend recommend whether whether recommend recommend sign sign agreement agreement increas increas product product anywher anywher 1 1 10 10 the the agreement agreement also also caus caus flat flat increas increas expens expens i i evalu evalu use use scenario scenario manag manag i i idea idea figur figur analyz analyz probabl probabl sign sign contract contract lead lead profit profit pleas pleas save', 'Question')|Question
('i would would like like x x valu valu plot plot show show peak peak valu valu xrd xrd how how i', 'Question')|Question
('hi guy guy by by mean mean excel excel expert expert hope hope bite bite help help pleas pleas see see screenshot screenshot want want past past condit condit format format long long column column valu valu i i want want d2 d2 h2 h2 increment increment d3 d3 d4 d4 h3 h3 g4 g4 etc etc i i want want c2 c2 remain remain c2 c2 everi everi line line be be possibl possibl be be format format painter painter tool tool thank thank lot lot help', 'Question')|Question
('when i i go go number number tab tab home home ribbon ribbon i i click click extend extend arrow arrow pull pull window window i i go go renam renam specif specif number number specif specif cell cell take take s s i i type type make make 0 0 i i get get glitch glitch could could occur occur i i leav leav link link pictur pictur issu', 'Bug report')|Content related
('be way way i i auto auto fill fill formula formula everi everi x x number number row row without without auto auto fill fill drag drag delet delet formula formula i i need need for for exampl exampl i i formula formula a1 a1 i i need need repeat repeat everi everi 14 14 row row so so a1 a1 a14 a14 a28 a28 etc etc for for refer refer formula formula i i need need repeat repeat everi everi x x number number row row averag averag u3 u3 u9 u9 u2 u2 1 1 1 1 averag averag u10 u10 u16 u16 u9 u9 1 1 1 1 2', 'Question')|Bug report
('hi i i tri tri get get inform inform column column contain contain imsub imsub be be way way make make happen', 'Question')|Question
('i workbook workbook current current two two sheet sheet one one show show basebal basebal game game log log 2018 2018 season season one one statcast statcast data data both both sheet sheet player player id id date date long long form form i i tri tri get get player player averag averag last last 14 14 day day prior prior game game for for exampl exampl player player play play june june 28th 28th i i want want see see perform perform averag averag game game 14th 14th 27th 27th how how i i excel', 'Question')|Question
('', 'Content related')|Content related
('', 'Unclear / Unrelated')|Content related
('', 'Unclear / Unrelated')|Content related
('', 'Unclear / Unrelated')|Question
('', 'Unclear / Unrelated')|Question
('', 'Unclear / Unrelated')|Question
('', 'Unclear / Unrelated')|Question
('', 'Content related')|Content related
('', 'Unclear / Unrelated')|Question
('', 'Unclear / Unrelated')|Question
('', 'How to')|Question
('', 'Unclear / Unrelated')|Bug report
('', 'Unclear / Unrelated')|Question
('', 'Unclear / Unrelated')|Question
('', 'Unclear / Unrelated')|Question
('', 'Advertisement')|Content related
('', 'Unclear / Unrelated')|Question
('', 'Unclear / Unrelated')|Question
('', 'Unclear / Unrelated')|General complaint
('', 'Unclear / Unrelated')|Question
('', 'Advertisement')|Question
('', 'Unclear / Unrelated')|Question
('', 'Unclear / Unrelated')|Question
('', 'Content related')|Content related
('', 'Unclear / Unrelated')|Question
('', 'Unclear / Unrelated')|Bug report
('', 'Unclear / Unrelated')|Content related
('', 'Unclear / Unrelated')|Question
('', 'Advertisement')|Question
('', 'Unclear / Unrelated')|Content related
('', 'Unclear / Unrelated')|Question
('', 'Advertisement')|Content related
('', 'Bug report')|Question
('', 'Unclear / Unrelated')|Content related
('in firefox firefox 69 69 flash flash disabl disabl default default mean mean longer longer enabl enabl flash flash releas releas date date septemb septemb 3rd', 'Feature information')|Bug report
('', 'Feature information')|Content related
('', 'Unclear / Unrelated')|Question
('to go go forward forward backward backward webpag webpag web web brows brows i i use use dedic dedic button button mous mous doe doe anybodi anybodi know know remov remov forward forward backward backward button', 'Question')|Question
('i think think eu eu android android browser browser ballot ballot good good thing thing go go googl googl com com firefox firefox android android still still look look like like googl googl com com 2010 2010 last last year year googl googl say say go go roll roll updat updat version version googl googl com com fore fore firefox firefox android android user user still still do do think think time time eu eu browser browser ballot ballot more more info', 'Question')|Question
('', 'How to')|Content related
